{
  "name": "quickstart-avro-mysql-sink",
  "config": {
	"value.converter.schema.registry.url": "http://schema-registry:8081",
	"value.converter.schemas.enable": "true",
	"key.converter.schema.registry.url": "http://schema-registry:8081",
    "key.converter.schemas.enable": "true",
	"connector.class": "io.confluent.connect.jdbc.JdbcSinkConnector",
    "tasks.max": 1,
	"key.converter": "org.apache.kafka.connect.storage.StringConverter",
    "value.converter": "io.confluent.connect.avro.AvroConverter",
    "connection.url": "jdbc:mysql://quickstart-mysql:3306/connect_test",
    "connection.user": "root",
    "connection.password": "confluent",
    "topics": "AIRPOLL",                                      
    "auto.create": true,
    "table.name.format":"AIRPOLL",
	"input.key.format": "STRING",
	"input.data.format": "AVRO",
	"auto.evolve": true,
	"insert.mode":"insert"
  }
}

